number,xcentr,ycentr,quality,quantity
1,"[1743.65478516 2347.95996094 1938.42163086 ...   24.40706062  720.98516846
  628.34564209]","[1.54405925e-03 2.48927088e-03 3.33301979e-03 ... 2.83925879e+03
 2.83930029e+03 2.83935986e+03]",33,658921
