number,xcentr,ycentr,quality,quantity,base,A,T,C,G
1,"[1743.65478516 2347.95996094 1938.42163086 ...   24.40706062  720.98516846
  628.34564209]","[1.54405925e-03 2.48927088e-03 3.33301979e-03 ... 2.83925879e+03
 2.83930029e+03 2.83935986e+03]",[33 33 33 ... 62 65 65],658921,['A' 'A' 'A' ... 'G' 'G' 'G'],"[1.77563016e-04 2.27644892e-05 1.69974853e-04 ... 0.00000000e+00
 0.00000000e+00 0.00000000e+00]","[9.40609400e-07 1.11828006e-05 3.34438898e-06 ... 0.00000000e+00
 0.00000000e+00 0.00000000e+00]","[1.52585391e-05 1.67983917e-06 1.87582041e-05 ... 0.00000000e+00
 0.00000000e+00 0.00000000e+00]","[1.85645059e-04 1.52584980e-05 5.08616601e-06 ... 0.00000000e+00
 0.00000000e+00 0.00000000e+00]"
